"TIME","GEO","SEX","AGE","ISCED11","UNIT","Value","Flag and Footnotes"
"2002","European Union - 28 countries (2013-2020)","Total","From 25 to 64 years","Upper secondary and post-secondary non-tertiary education (levels 3 and 4)","Percentage","8.3",""
"2002","European Union - 15 countries (1995-2004)","Total","From 25 to 64 years","Upper secondary and post-secondary non-tertiary education (levels 3 and 4)","Percentage","6.5",""
"2002","Euro area - 19 countries  (from 2015)","Total","From 25 to 64 years","Upper secondary and post-secondary non-tertiary education (levels 3 and 4)","Percentage","7.6",""
"2002","Belgium","Total","From 25 to 64 years","Upper secondary and post-secondary non-tertiary education (levels 3 and 4)","Percentage","5.6",""
"2002","Bulgaria","Total","From 25 to 64 years","Upper secondary and post-secondary non-tertiary education (levels 3 and 4)","Percentage","15.8",""
"2002","Czechia","Total","From 25 to 64 years","Upper secondary and post-secondary non-tertiary education (levels 3 and 4)","Percentage","5.5",""
"2002","Denmark","Total","From 25 to 64 years","Upper secondary and post-secondary non-tertiary education (levels 3 and 4)","Percentage","3.4",""
"2002","Germany (until 1990 former territory of the FRG)","Total","From 25 to 64 years","Upper secondary and post-secondary non-tertiary education (levels 3 and 4)","Percentage","8.7",""
"2002","Estonia","Total","From 25 to 64 years","Upper secondary and post-secondary non-tertiary education (levels 3 and 4)","Percentage","9.7",""
"2002","Ireland","Total","From 25 to 64 years","Upper secondary and post-secondary non-tertiary education (levels 3 and 4)","Percentage","2.8",""
"2002","Greece","Total","From 25 to 64 years","Upper secondary and post-secondary non-tertiary education (levels 3 and 4)","Percentage","9.9",""
"2002","Spain","Total","From 25 to 64 years","Upper secondary and post-secondary non-tertiary education (levels 3 and 4)","Percentage","9.3",""
"2002","France","Total","From 25 to 64 years","Upper secondary and post-secondary non-tertiary education (levels 3 and 4)","Percentage","6.5",""
"2002","Croatia","Total","From 25 to 64 years","Upper secondary and post-secondary non-tertiary education (levels 3 and 4)","Percentage","13.1",""
"2002","Italy","Total","From 25 to 64 years","Upper secondary and post-secondary non-tertiary education (levels 3 and 4)","Percentage","6.4",""
"2002","Cyprus","Total","From 25 to 64 years","Upper secondary and post-secondary non-tertiary education (levels 3 and 4)","Percentage","3.3",""
"2002","Latvia","Total","From 25 to 64 years","Upper secondary and post-secondary non-tertiary education (levels 3 and 4)","Percentage","13.0","b"
"2002","Lithuania","Total","From 25 to 64 years","Upper secondary and post-secondary non-tertiary education (levels 3 and 4)","Percentage","14.2","b"
"2002","Luxembourg","Total","From 25 to 64 years","Upper secondary and post-secondary non-tertiary education (levels 3 and 4)","Percentage","1.2","u"
"2002","Hungary","Total","From 25 to 64 years","Upper secondary and post-secondary non-tertiary education (levels 3 and 4)","Percentage","4.3",""
"2002","Malta","Total","From 25 to 64 years","Upper secondary and post-secondary non-tertiary education (levels 3 and 4)","Percentage",":","u"
"2002","Netherlands","Total","From 25 to 64 years","Upper secondary and post-secondary non-tertiary education (levels 3 and 4)","Percentage","1.9",""
"2002","Austria","Total","From 25 to 64 years","Upper secondary and post-secondary non-tertiary education (levels 3 and 4)","Percentage","4.5",""
"2002","Poland","Total","From 25 to 64 years","Upper secondary and post-secondary non-tertiary education (levels 3 and 4)","Percentage","17.6",""
"2002","Portugal","Total","From 25 to 64 years","Upper secondary and post-secondary non-tertiary education (levels 3 and 4)","Percentage","4.3",""
"2002","Romania","Total","From 25 to 64 years","Upper secondary and post-secondary non-tertiary education (levels 3 and 4)","Percentage","8.0","b"
"2002","Slovenia","Total","From 25 to 64 years","Upper secondary and post-secondary non-tertiary education (levels 3 and 4)","Percentage","5.0",""
"2002","Slovakia","Total","From 25 to 64 years","Upper secondary and post-secondary non-tertiary education (levels 3 and 4)","Percentage","14.3",""
"2002","Finland","Total","From 25 to 64 years","Upper secondary and post-secondary non-tertiary education (levels 3 and 4)","Percentage","8.5",""
"2002","Sweden","Total","From 25 to 64 years","Upper secondary and post-secondary non-tertiary education (levels 3 and 4)","Percentage","4.3",""
"2002","Iceland","Total","From 25 to 64 years","Upper secondary and post-secondary non-tertiary education (levels 3 and 4)","Percentage",":","u"
"2002","Norway","Total","From 25 to 64 years","Upper secondary and post-secondary non-tertiary education (levels 3 and 4)","Percentage","2.7",""
"2002","Switzerland","Total","From 25 to 64 years","Upper secondary and post-secondary non-tertiary education (levels 3 and 4)","Percentage","2.3",""
"2002","United Kingdom","Total","From 25 to 64 years","Upper secondary and post-secondary non-tertiary education (levels 3 and 4)","Percentage","3.4",""
"2002","Montenegro","Total","From 25 to 64 years","Upper secondary and post-secondary non-tertiary education (levels 3 and 4)","Percentage",":",""
"2002","North Macedonia","Total","From 25 to 64 years","Upper secondary and post-secondary non-tertiary education (levels 3 and 4)","Percentage",":",""
"2002","Serbia","Total","From 25 to 64 years","Upper secondary and post-secondary non-tertiary education (levels 3 and 4)","Percentage",":",""
"2002","Turkey","Total","From 25 to 64 years","Upper secondary and post-secondary non-tertiary education (levels 3 and 4)","Percentage",":",""
"2003","European Union - 28 countries (2013-2020)","Total","From 25 to 64 years","Upper secondary and post-secondary non-tertiary education (levels 3 and 4)","Percentage","8.3",""
"2003","European Union - 15 countries (1995-2004)","Total","From 25 to 64 years","Upper secondary and post-secondary non-tertiary education (levels 3 and 4)","Percentage","7.0",""
"2003","Euro area - 19 countries  (from 2015)","Total","From 25 to 64 years","Upper secondary and post-secondary non-tertiary education (levels 3 and 4)","Percentage","8.0",""
"2003","Belgium","Total","From 25 to 64 years","Upper secondary and post-secondary non-tertiary education (levels 3 and 4)","Percentage","6.4",""
"2003","Bulgaria","Total","From 25 to 64 years","Upper secondary and post-secondary non-tertiary education (levels 3 and 4)","Percentage","11.2","b"
"2003","Czechia","Total","From 25 to 64 years","Upper secondary and post-secondary non-tertiary education (levels 3 and 4)","Percentage","6.1","b"
"2003","Denmark","Total","From 25 to 64 years","Upper secondary and post-secondary non-tertiary education (levels 3 and 4)","Percentage","4.1","b"
"2003","Germany (until 1990 former territory of the FRG)","Total","From 25 to 64 years","Upper secondary and post-secondary non-tertiary education (levels 3 and 4)","Percentage","10.0",""
"2003","Estonia","Total","From 25 to 64 years","Upper secondary and post-secondary non-tertiary education (levels 3 and 4)","Percentage","11.0",""
"2003","Ireland","Total","From 25 to 64 years","Upper secondary and post-secondary non-tertiary education (levels 3 and 4)","Percentage","2.9",""
"2003","Greece","Total","From 25 to 64 years","Upper secondary and post-secondary non-tertiary education (levels 3 and 4)","Percentage","9.4",""
"2003","Spain","Total","From 25 to 64 years","Upper secondary and post-secondary non-tertiary education (levels 3 and 4)","Percentage","9.8",""
"2003","France","Total","From 25 to 64 years","Upper secondary and post-secondary non-tertiary education (levels 3 and 4)","Percentage","6.7","b"
"2003","Croatia","Total","From 25 to 64 years","Upper secondary and post-secondary non-tertiary education (levels 3 and 4)","Percentage","12.1","b"
"2003","Italy","Total","From 25 to 64 years","Upper secondary and post-secondary non-tertiary education (levels 3 and 4)","Percentage","5.8",""
"2003","Cyprus","Total","From 25 to 64 years","Upper secondary and post-secondary non-tertiary education (levels 3 and 4)","Percentage","3.7",""
"2003","Latvia","Total","From 25 to 64 years","Upper secondary and post-secondary non-tertiary education (levels 3 and 4)","Percentage","11.0",""
"2003","Lithuania","Total","From 25 to 64 years","Upper secondary and post-secondary non-tertiary education (levels 3 and 4)","Percentage","12.5",""
"2003","Luxembourg","Total","From 25 to 64 years","Upper secondary and post-secondary non-tertiary education (levels 3 and 4)","Percentage","2.6","b"
"2003","Hungary","Total","From 25 to 64 years","Upper secondary and post-secondary non-tertiary education (levels 3 and 4)","Percentage","4.8",""
"2003","Malta","Total","From 25 to 64 years","Upper secondary and post-secondary non-tertiary education (levels 3 and 4)","Percentage",":","u"
"2003","Netherlands","Total","From 25 to 64 years","Upper secondary and post-secondary non-tertiary education (levels 3 and 4)","Percentage","2.6",""
"2003","Austria","Total","From 25 to 64 years","Upper secondary and post-secondary non-tertiary education (levels 3 and 4)","Percentage","3.9",""
"2003","Poland","Total","From 25 to 64 years","Upper secondary and post-secondary non-tertiary education (levels 3 and 4)","Percentage","17.1","b"
"2003","Portugal","Total","From 25 to 64 years","Upper secondary and post-secondary non-tertiary education (levels 3 and 4)","Percentage","5.2",""
"2003","Romania","Total","From 25 to 64 years","Upper secondary and post-secondary non-tertiary education (levels 3 and 4)","Percentage","6.5","b"
"2003","Slovenia","Total","From 25 to 64 years","Upper secondary and post-secondary non-tertiary education (levels 3 and 4)","Percentage","5.1",""
"2003","Slovakia","Total","From 25 to 64 years","Upper secondary and post-secondary non-tertiary education (levels 3 and 4)","Percentage","13.2","b"
"2003","Finland","Total","From 25 to 64 years","Upper secondary and post-secondary non-tertiary education (levels 3 and 4)","Percentage","8.9",""
"2003","Sweden","Total","From 25 to 64 years","Upper secondary and post-secondary non-tertiary education (levels 3 and 4)","Percentage","4.7",""
"2003","Iceland","Total","From 25 to 64 years","Upper secondary and post-secondary non-tertiary education (levels 3 and 4)","Percentage",":","bu"
"2003","Norway","Total","From 25 to 64 years","Upper secondary and post-secondary non-tertiary education (levels 3 and 4)","Percentage","2.9","b"
"2003","Switzerland","Total","From 25 to 64 years","Upper secondary and post-secondary non-tertiary education (levels 3 and 4)","Percentage","3.1",""
"2003","United Kingdom","Total","From 25 to 64 years","Upper secondary and post-secondary non-tertiary education (levels 3 and 4)","Percentage","3.2",""
"2003","Montenegro","Total","From 25 to 64 years","Upper secondary and post-secondary non-tertiary education (levels 3 and 4)","Percentage",":",""
"2003","North Macedonia","Total","From 25 to 64 years","Upper secondary and post-secondary non-tertiary education (levels 3 and 4)","Percentage",":",""
"2003","Serbia","Total","From 25 to 64 years","Upper secondary and post-secondary non-tertiary education (levels 3 and 4)","Percentage",":",""
"2003","Turkey","Total","From 25 to 64 years","Upper secondary and post-secondary non-tertiary education (levels 3 and 4)","Percentage",":",""
"2004","European Union - 28 countries (2013-2020)","Total","From 25 to 64 years","Upper secondary and post-secondary non-tertiary education (levels 3 and 4)","Percentage","8.4",""
"2004","European Union - 15 countries (1995-2004)","Total","From 25 to 64 years","Upper secondary and post-secondary non-tertiary education (levels 3 and 4)","Percentage","7.2",""
"2004","Euro area - 19 countries  (from 2015)","Total","From 25 to 64 years","Upper secondary and post-secondary non-tertiary education (levels 3 and 4)","Percentage","8.3",""
"2004","Belgium","Total","From 25 to 64 years","Upper secondary and post-secondary non-tertiary education (levels 3 and 4)","Percentage","5.9",""
"2004","Bulgaria","Total","From 25 to 64 years","Upper secondary and post-secondary non-tertiary education (levels 3 and 4)","Percentage","10.2",""
"2004","Czechia","Total","From 25 to 64 years","Upper secondary and post-secondary non-tertiary education (levels 3 and 4)","Percentage","6.4",""
"2004","Denmark","Total","From 25 to 64 years","Upper secondary and post-secondary non-tertiary education (levels 3 and 4)","Percentage","4.8",""
"2004","Germany (until 1990 former territory of the FRG)","Total","From 25 to 64 years","Upper secondary and post-secondary non-tertiary education (levels 3 and 4)","Percentage","11.0",""
"2004","Estonia","Total","From 25 to 64 years","Upper secondary and post-secondary non-tertiary education (levels 3 and 4)","Percentage","9.5",""
"2004","Ireland","Total","From 25 to 64 years","Upper secondary and post-secondary non-tertiary education (levels 3 and 4)","Percentage","3.2",""
"2004","Greece","Total","From 25 to 64 years","Upper secondary and post-secondary non-tertiary education (levels 3 and 4)","Percentage","9.8","b"
"2004","Spain","Total","From 25 to 64 years","Upper secondary and post-secondary non-tertiary education (levels 3 and 4)","Percentage","9.2",""
"2004","France","Total","From 25 to 64 years","Upper secondary and post-secondary non-tertiary education (levels 3 and 4)","Percentage","6.9",""
"2004","Croatia","Total","From 25 to 64 years","Upper secondary and post-secondary non-tertiary education (levels 3 and 4)","Percentage","12.3",""
"2004","Italy","Total","From 25 to 64 years","Upper secondary and post-secondary non-tertiary education (levels 3 and 4)","Percentage","5.2","b"
"2004","Cyprus","Total","From 25 to 64 years","Upper secondary and post-secondary non-tertiary education (levels 3 and 4)","Percentage","3.5",""
"2004","Latvia","Total","From 25 to 64 years","Upper secondary and post-secondary non-tertiary education (levels 3 and 4)","Percentage","11.6",""
"2004","Lithuania","Total","From 25 to 64 years","Upper secondary and post-secondary non-tertiary education (levels 3 and 4)","Percentage","11.3",""
"2004","Luxembourg","Total","From 25 to 64 years","Upper secondary and post-secondary non-tertiary education (levels 3 and 4)","Percentage","3.7",""
"2004","Hungary","Total","From 25 to 64 years","Upper secondary and post-secondary non-tertiary education (levels 3 and 4)","Percentage","4.7",""
"2004","Malta","Total","From 25 to 64 years","Upper secondary and post-secondary non-tertiary education (levels 3 and 4)","Percentage",":","bu"
"2004","Netherlands","Total","From 25 to 64 years","Upper secondary and post-secondary non-tertiary education (levels 3 and 4)","Percentage","3.9",""
"2004","Austria","Total","From 25 to 64 years","Upper secondary and post-secondary non-tertiary education (levels 3 and 4)","Percentage","4.4","b"
"2004","Poland","Total","From 25 to 64 years","Upper secondary and post-secondary non-tertiary education (levels 3 and 4)","Percentage","17.0","b"
"2004","Portugal","Total","From 25 to 64 years","Upper secondary and post-secondary non-tertiary education (levels 3 and 4)","Percentage","5.5","b"
"2004","Romania","Total","From 25 to 64 years","Upper secondary and post-secondary non-tertiary education (levels 3 and 4)","Percentage","6.4",""
"2004","Slovenia","Total","From 25 to 64 years","Upper secondary and post-secondary non-tertiary education (levels 3 and 4)","Percentage","5.0",""
"2004","Slovakia","Total","From 25 to 64 years","Upper secondary and post-secondary non-tertiary education (levels 3 and 4)","Percentage","15.0",""
"2004","Finland","Total","From 25 to 64 years","Upper secondary and post-secondary non-tertiary education (levels 3 and 4)","Percentage","8.2",""
"2004","Sweden","Total","From 25 to 64 years","Upper secondary and post-secondary non-tertiary education (levels 3 and 4)","Percentage","5.8",""
"2004","Iceland","Total","From 25 to 64 years","Upper secondary and post-secondary non-tertiary education (levels 3 and 4)","Percentage","3.3",""
"2004","Norway","Total","From 25 to 64 years","Upper secondary and post-secondary non-tertiary education (levels 3 and 4)","Percentage","2.8",""
"2004","Switzerland","Total","From 25 to 64 years","Upper secondary and post-secondary non-tertiary education (levels 3 and 4)","Percentage","3.6",""
"2004","United Kingdom","Total","From 25 to 64 years","Upper secondary and post-secondary non-tertiary education (levels 3 and 4)","Percentage","3.5","b"
"2004","Montenegro","Total","From 25 to 64 years","Upper secondary and post-secondary non-tertiary education (levels 3 and 4)","Percentage",":",""
"2004","North Macedonia","Total","From 25 to 64 years","Upper secondary and post-secondary non-tertiary education (levels 3 and 4)","Percentage",":",""
"2004","Serbia","Total","From 25 to 64 years","Upper secondary and post-secondary non-tertiary education (levels 3 and 4)","Percentage",":",""
"2004","Turkey","Total","From 25 to 64 years","Upper secondary and post-secondary non-tertiary education (levels 3 and 4)","Percentage",":",""
"2005","European Union - 28 countries (2013-2020)","Total","From 25 to 64 years","Upper secondary and post-secondary non-tertiary education (levels 3 and 4)","Percentage","8.1","b"
"2005","European Union - 15 countries (1995-2004)","Total","From 25 to 64 years","Upper secondary and post-secondary non-tertiary education (levels 3 and 4)","Percentage","7.0","b"
"2005","Euro area - 19 countries  (from 2015)","Total","From 25 to 64 years","Upper secondary and post-secondary non-tertiary education (levels 3 and 4)","Percentage","8.0","b"
"2005","Belgium","Total","From 25 to 64 years","Upper secondary and post-secondary non-tertiary education (levels 3 and 4)","Percentage","6.9","b"
"2005","Bulgaria","Total","From 25 to 64 years","Upper secondary and post-secondary non-tertiary education (levels 3 and 4)","Percentage","8.2","b"
"2005","Czechia","Total","From 25 to 64 years","Upper secondary and post-secondary non-tertiary education (levels 3 and 4)","Percentage","6.2","b"
"2005","Denmark","Total","From 25 to 64 years","Upper secondary and post-secondary non-tertiary education (levels 3 and 4)","Percentage","4.0","b"
"2005","Germany (until 1990 former territory of the FRG)","Total","From 25 to 64 years","Upper secondary and post-secondary non-tertiary education (levels 3 and 4)","Percentage","11.0","b"
"2005","Estonia","Total","From 25 to 64 years","Upper secondary and post-secondary non-tertiary education (levels 3 and 4)","Percentage","8.8","b"
"2005","Ireland","Total","From 25 to 64 years","Upper secondary and post-secondary non-tertiary education (levels 3 and 4)","Percentage","3.1","b"
"2005","Greece","Total","From 25 to 64 years","Upper secondary and post-secondary non-tertiary education (levels 3 and 4)","Percentage","9.6","b"
"2005","Spain","Total","From 25 to 64 years","Upper secondary and post-secondary non-tertiary education (levels 3 and 4)","Percentage","7.3","b"
"2005","France","Total","From 25 to 64 years","Upper secondary and post-secondary non-tertiary education (levels 3 and 4)","Percentage","6.3","b"
"2005","Croatia","Total","From 25 to 64 years","Upper secondary and post-secondary non-tertiary education (levels 3 and 4)","Percentage","11.5","b"
"2005","Italy","Total","From 25 to 64 years","Upper secondary and post-secondary non-tertiary education (levels 3 and 4)","Percentage","5.2","b"
"2005","Cyprus","Total","From 25 to 64 years","Upper secondary and post-secondary non-tertiary education (levels 3 and 4)","Percentage","4.3","b"
"2005","Latvia","Total","From 25 to 64 years","Upper secondary and post-secondary non-tertiary education (levels 3 and 4)","Percentage","10.2","b"
"2005","Lithuania","Total","From 25 to 64 years","Upper secondary and post-secondary non-tertiary education (levels 3 and 4)","Percentage","8.9","b"
"2005","Luxembourg","Total","From 25 to 64 years","Upper secondary and post-secondary non-tertiary education (levels 3 and 4)","Percentage","3.2","b"
"2005","Hungary","Total","From 25 to 64 years","Upper secondary and post-secondary non-tertiary education (levels 3 and 4)","Percentage","5.9","b"
"2005","Malta","Total","From 25 to 64 years","Upper secondary and post-secondary non-tertiary education (levels 3 and 4)","Percentage",":","bu"
"2005","Netherlands","Total","From 25 to 64 years","Upper secondary and post-secondary non-tertiary education (levels 3 and 4)","Percentage","4.8","b"
"2005","Austria","Total","From 25 to 64 years","Upper secondary and post-secondary non-tertiary education (levels 3 and 4)","Percentage","4.3","b"
"2005","Poland","Total","From 25 to 64 years","Upper secondary and post-secondary non-tertiary education (levels 3 and 4)","Percentage","16.4","b"
"2005","Portugal","Total","From 25 to 64 years","Upper secondary and post-secondary non-tertiary education (levels 3 and 4)","Percentage","6.6","b"
"2005","Romania","Total","From 25 to 64 years","Upper secondary and post-secondary non-tertiary education (levels 3 and 4)","Percentage","6.4","b"
"2005","Slovenia","Total","From 25 to 64 years","Upper secondary and post-secondary non-tertiary education (levels 3 and 4)","Percentage","5.7","b"
"2005","Slovakia","Total","From 25 to 64 years","Upper secondary and post-secondary non-tertiary education (levels 3 and 4)","Percentage","12.8","b"
"2005","Finland","Total","From 25 to 64 years","Upper secondary and post-secondary non-tertiary education (levels 3 and 4)","Percentage","7.4","b"
"2005","Sweden","Total","From 25 to 64 years","Upper secondary and post-secondary non-tertiary education (levels 3 and 4)","Percentage","6.0","b"
"2005","Iceland","Total","From 25 to 64 years","Upper secondary and post-secondary non-tertiary education (levels 3 and 4)","Percentage",":","bu"
"2005","Norway","Total","From 25 to 64 years","Upper secondary and post-secondary non-tertiary education (levels 3 and 4)","Percentage","3.5","b"
"2005","Switzerland","Total","From 25 to 64 years","Upper secondary and post-secondary non-tertiary education (levels 3 and 4)","Percentage","3.6","b"
"2005","United Kingdom","Total","From 25 to 64 years","Upper secondary and post-secondary non-tertiary education (levels 3 and 4)","Percentage","3.2","b"
"2005","Montenegro","Total","From 25 to 64 years","Upper secondary and post-secondary non-tertiary education (levels 3 and 4)","Percentage",":",""
"2005","North Macedonia","Total","From 25 to 64 years","Upper secondary and post-secondary non-tertiary education (levels 3 and 4)","Percentage",":",""
"2005","Serbia","Total","From 25 to 64 years","Upper secondary and post-secondary non-tertiary education (levels 3 and 4)","Percentage",":",""
"2005","Turkey","Total","From 25 to 64 years","Upper secondary and post-secondary non-tertiary education (levels 3 and 4)","Percentage",":",""
"2006","European Union - 28 countries (2013-2020)","Total","From 25 to 64 years","Upper secondary and post-secondary non-tertiary education (levels 3 and 4)","Percentage","7.2",""
"2006","European Union - 15 countries (1995-2004)","Total","From 25 to 64 years","Upper secondary and post-secondary non-tertiary education (levels 3 and 4)","Percentage","6.6",""
"2006","Euro area - 19 countries  (from 2015)","Total","From 25 to 64 years","Upper secondary and post-secondary non-tertiary education (levels 3 and 4)","Percentage","7.3",""
"2006","Belgium","Total","From 25 to 64 years","Upper secondary and post-secondary non-tertiary education (levels 3 and 4)","Percentage","6.7",""
"2006","Bulgaria","Total","From 25 to 64 years","Upper secondary and post-secondary non-tertiary education (levels 3 and 4)","Percentage","6.8","b"
"2006","Czechia","Total","From 25 to 64 years","Upper secondary and post-secondary non-tertiary education (levels 3 and 4)","Percentage","5.5",""
"2006","Denmark","Total","From 25 to 64 years","Upper secondary and post-secondary non-tertiary education (levels 3 and 4)","Percentage","2.7",""
"2006","Germany (until 1990 former territory of the FRG)","Total","From 25 to 64 years","Upper secondary and post-secondary non-tertiary education (levels 3 and 4)","Percentage","9.9","b"
"2006","Estonia","Total","From 25 to 64 years","Upper secondary and post-secondary non-tertiary education (levels 3 and 4)","Percentage","5.8",""
"2006","Ireland","Total","From 25 to 64 years","Upper secondary and post-secondary non-tertiary education (levels 3 and 4)","Percentage","3.3",""
"2006","Greece","Total","From 25 to 64 years","Upper secondary and post-secondary non-tertiary education (levels 3 and 4)","Percentage","8.9",""
"2006","Spain","Total","From 25 to 64 years","Upper secondary and post-secondary non-tertiary education (levels 3 and 4)","Percentage","6.7","b"
"2006","France","Total","From 25 to 64 years","Upper secondary and post-secondary non-tertiary education (levels 3 and 4)","Percentage","6.2","b"
"2006","Croatia","Total","From 25 to 64 years","Upper secondary and post-secondary non-tertiary education (levels 3 and 4)","Percentage","9.8","b"
"2006","Italy","Total","From 25 to 64 years","Upper secondary and post-secondary non-tertiary education (levels 3 and 4)","Percentage","4.6",""
"2006","Cyprus","Total","From 25 to 64 years","Upper secondary and post-secondary non-tertiary education (levels 3 and 4)","Percentage","3.9",""
"2006","Latvia","Total","From 25 to 64 years","Upper secondary and post-secondary non-tertiary education (levels 3 and 4)","Percentage","5.9",""
"2006","Lithuania","Total","From 25 to 64 years","Upper secondary and post-secondary non-tertiary education (levels 3 and 4)","Percentage","6.3",""
"2006","Luxembourg","Total","From 25 to 64 years","Upper secondary and post-secondary non-tertiary education (levels 3 and 4)","Percentage","3.8",""
"2006","Hungary","Total","From 25 to 64 years","Upper secondary and post-secondary non-tertiary education (levels 3 and 4)","Percentage","6.1",""
"2006","Malta","Total","From 25 to 64 years","Upper secondary and post-secondary non-tertiary education (levels 3 and 4)","Percentage","1.8","u"
"2006","Netherlands","Total","From 25 to 64 years","Upper secondary and post-secondary non-tertiary education (levels 3 and 4)","Percentage","4.2","b"
"2006","Austria","Total","From 25 to 64 years","Upper secondary and post-secondary non-tertiary education (levels 3 and 4)","Percentage","4.1","b"
"2006","Poland","Total","From 25 to 64 years","Upper secondary and post-secondary non-tertiary education (levels 3 and 4)","Percentage","12.7",""
"2006","Portugal","Total","From 25 to 64 years","Upper secondary and post-secondary non-tertiary education (levels 3 and 4)","Percentage","7.1",""
"2006","Romania","Total","From 25 to 64 years","Upper secondary and post-secondary non-tertiary education (levels 3 and 4)","Percentage","6.4",""
"2006","Slovenia","Total","From 25 to 64 years","Upper secondary and post-secondary non-tertiary education (levels 3 and 4)","Percentage","5.6",""
"2006","Slovakia","Total","From 25 to 64 years","Upper secondary and post-secondary non-tertiary education (levels 3 and 4)","Percentage","10.5",""
"2006","Finland","Total","From 25 to 64 years","Upper secondary and post-secondary non-tertiary education (levels 3 and 4)","Percentage","7.0",""
"2006","Sweden","Total","From 25 to 64 years","Upper secondary and post-secondary non-tertiary education (levels 3 and 4)","Percentage","4.8","b"
"2006","Iceland","Total","From 25 to 64 years","Upper secondary and post-secondary non-tertiary education (levels 3 and 4)","Percentage","1.8",""
"2006","Norway","Total","From 25 to 64 years","Upper secondary and post-secondary non-tertiary education (levels 3 and 4)","Percentage","2.4","b"
"2006","Switzerland","Total","From 25 to 64 years","Upper secondary and post-secondary non-tertiary education (levels 3 and 4)","Percentage","3.3",""
"2006","United Kingdom","Total","From 25 to 64 years","Upper secondary and post-secondary non-tertiary education (levels 3 and 4)","Percentage","3.8",""
"2006","Montenegro","Total","From 25 to 64 years","Upper secondary and post-secondary non-tertiary education (levels 3 and 4)","Percentage",":",""
"2006","North Macedonia","Total","From 25 to 64 years","Upper secondary and post-secondary non-tertiary education (levels 3 and 4)","Percentage","33.3",""
"2006","Serbia","Total","From 25 to 64 years","Upper secondary and post-secondary non-tertiary education (levels 3 and 4)","Percentage",":",""
"2006","Turkey","Total","From 25 to 64 years","Upper secondary and post-secondary non-tertiary education (levels 3 and 4)","Percentage","7.8",""
"2007","European Union - 28 countries (2013-2020)","Total","From 25 to 64 years","Upper secondary and post-secondary non-tertiary education (levels 3 and 4)","Percentage","6.1",""
"2007","European Union - 15 countries (1995-2004)","Total","From 25 to 64 years","Upper secondary and post-secondary non-tertiary education (levels 3 and 4)","Percentage","5.8",""
"2007","Euro area - 19 countries  (from 2015)","Total","From 25 to 64 years","Upper secondary and post-secondary non-tertiary education (levels 3 and 4)","Percentage","6.4",""
"2007","Belgium","Total","From 25 to 64 years","Upper secondary and post-secondary non-tertiary education (levels 3 and 4)","Percentage","6.2",""
"2007","Bulgaria","Total","From 25 to 64 years","Upper secondary and post-secondary non-tertiary education (levels 3 and 4)","Percentage","5.0",""
"2007","Czechia","Total","From 25 to 64 years","Upper secondary and post-secondary non-tertiary education (levels 3 and 4)","Percentage","4.3",""
"2007","Denmark","Total","From 25 to 64 years","Upper secondary and post-secondary non-tertiary education (levels 3 and 4)","Percentage","2.6","b"
"2007","Germany (until 1990 former territory of the FRG)","Total","From 25 to 64 years","Upper secondary and post-secondary non-tertiary education (levels 3 and 4)","Percentage","8.3",""
"2007","Estonia","Total","From 25 to 64 years","Upper secondary and post-secondary non-tertiary education (levels 3 and 4)","Percentage","4.5",""
"2007","Ireland","Total","From 25 to 64 years","Upper secondary and post-secondary non-tertiary education (levels 3 and 4)","Percentage","3.9","b"
"2007","Greece","Total","From 25 to 64 years","Upper secondary and post-secondary non-tertiary education (levels 3 and 4)","Percentage","8.3",""
"2007","Spain","Total","From 25 to 64 years","Upper secondary and post-secondary non-tertiary education (levels 3 and 4)","Percentage","6.9",""
"2007","France","Total","From 25 to 64 years","Upper secondary and post-secondary non-tertiary education (levels 3 and 4)","Percentage","5.6",""
"2007","Croatia","Total","From 25 to 64 years","Upper secondary and post-secondary non-tertiary education (levels 3 and 4)","Percentage","8.1",""
"2007","Italy","Total","From 25 to 64 years","Upper secondary and post-secondary non-tertiary education (levels 3 and 4)","Percentage","4.1",""
"2007","Cyprus","Total","From 25 to 64 years","Upper secondary and post-secondary non-tertiary education (levels 3 and 4)","Percentage","3.2",""
"2007","Latvia","Total","From 25 to 64 years","Upper secondary and post-secondary non-tertiary education (levels 3 and 4)","Percentage","5.5",""
"2007","Lithuania","Total","From 25 to 64 years","Upper secondary and post-secondary non-tertiary education (levels 3 and 4)","Percentage","4.7",""
"2007","Luxembourg","Total","From 25 to 64 years","Upper secondary and post-secondary non-tertiary education (levels 3 and 4)","Percentage","2.8","b"
"2007","Hungary","Total","From 25 to 64 years","Upper secondary and post-secondary non-tertiary education (levels 3 and 4)","Percentage","5.9",""
"2007","Malta","Total","From 25 to 64 years","Upper secondary and post-secondary non-tertiary education (levels 3 and 4)","Percentage","2.3","u"
"2007","Netherlands","Total","From 25 to 64 years","Upper secondary and post-secondary non-tertiary education (levels 3 and 4)","Percentage","3.3",""
"2007","Austria","Total","From 25 to 64 years","Upper secondary and post-secondary non-tertiary education (levels 3 and 4)","Percentage","3.7","b"
"2007","Poland","Total","From 25 to 64 years","Upper secondary and post-secondary non-tertiary education (levels 3 and 4)","Percentage","8.7",""
"2007","Portugal","Total","From 25 to 64 years","Upper secondary and post-secondary non-tertiary education (levels 3 and 4)","Percentage","6.8",""
"2007","Romania","Total","From 25 to 64 years","Upper secondary and post-secondary non-tertiary education (levels 3 and 4)","Percentage","5.5",""
"2007","Slovenia","Total","From 25 to 64 years","Upper secondary and post-secondary non-tertiary education (levels 3 and 4)","Percentage","4.3",""
"2007","Slovakia","Total","From 25 to 64 years","Upper secondary and post-secondary non-tertiary education (levels 3 and 4)","Percentage","8.6",""
"2007","Finland","Total","From 25 to 64 years","Upper secondary and post-secondary non-tertiary education (levels 3 and 4)","Percentage","6.1","b"
"2007","Sweden","Total","From 25 to 64 years","Upper secondary and post-secondary non-tertiary education (levels 3 and 4)","Percentage","4.0",""
"2007","Iceland","Total","From 25 to 64 years","Upper secondary and post-secondary non-tertiary education (levels 3 and 4)","Percentage","1.2",""
"2007","Norway","Total","From 25 to 64 years","Upper secondary and post-secondary non-tertiary education (levels 3 and 4)","Percentage","1.3",""
"2007","Switzerland","Total","From 25 to 64 years","Upper secondary and post-secondary non-tertiary education (levels 3 and 4)","Percentage","3.0",""
"2007","United Kingdom","Total","From 25 to 64 years","Upper secondary and post-secondary non-tertiary education (levels 3 and 4)","Percentage","3.7","b"
"2007","Montenegro","Total","From 25 to 64 years","Upper secondary and post-secondary non-tertiary education (levels 3 and 4)","Percentage",":",""
"2007","North Macedonia","Total","From 25 to 64 years","Upper secondary and post-secondary non-tertiary education (levels 3 and 4)","Percentage","31.2",""
"2007","Serbia","Total","From 25 to 64 years","Upper secondary and post-secondary non-tertiary education (levels 3 and 4)","Percentage",":",""
"2007","Turkey","Total","From 25 to 64 years","Upper secondary and post-secondary non-tertiary education (levels 3 and 4)","Percentage","7.9",""
"2008","European Union - 28 countries (2013-2020)","Total","From 25 to 64 years","Upper secondary and post-secondary non-tertiary education (levels 3 and 4)","Percentage","5.6",""
"2008","European Union - 15 countries (1995-2004)","Total","From 25 to 64 years","Upper secondary and post-secondary non-tertiary education (levels 3 and 4)","Percentage","5.7",""
"2008","Euro area - 19 countries  (from 2015)","Total","From 25 to 64 years","Upper secondary and post-secondary non-tertiary education (levels 3 and 4)","Percentage","6.1",""
"2008","Belgium","Total","From 25 to 64 years","Upper secondary and post-secondary non-tertiary education (levels 3 and 4)","Percentage","5.7","b"
"2008","Bulgaria","Total","From 25 to 64 years","Upper secondary and post-secondary non-tertiary education (levels 3 and 4)","Percentage","3.9","b"
"2008","Czechia","Total","From 25 to 64 years","Upper secondary and post-secondary non-tertiary education (levels 3 and 4)","Percentage","3.3",""
"2008","Denmark","Total","From 25 to 64 years","Upper secondary and post-secondary non-tertiary education (levels 3 and 4)","Percentage","2.3","b"
"2008","Germany (until 1990 former territory of the FRG)","Total","From 25 to 64 years","Upper secondary and post-secondary non-tertiary education (levels 3 and 4)","Percentage","7.2",""
"2008","Estonia","Total","From 25 to 64 years","Upper secondary and post-secondary non-tertiary education (levels 3 and 4)","Percentage","5.2",""
"2008","Ireland","Total","From 25 to 64 years","Upper secondary and post-secondary non-tertiary education (levels 3 and 4)","Percentage","5.4",""
"2008","Greece","Total","From 25 to 64 years","Upper secondary and post-secondary non-tertiary education (levels 3 and 4)","Percentage","7.3",""
"2008","Spain","Total","From 25 to 64 years","Upper secondary and post-secondary non-tertiary education (levels 3 and 4)","Percentage","9.2",""
"2008","France","Total","From 25 to 64 years","Upper secondary and post-secondary non-tertiary education (levels 3 and 4)","Percentage","5.3",""
"2008","Croatia","Total","From 25 to 64 years","Upper secondary and post-secondary non-tertiary education (levels 3 and 4)","Percentage","7.2",""
"2008","Italy","Total","From 25 to 64 years","Upper secondary and post-secondary non-tertiary education (levels 3 and 4)","Percentage","4.6",""
"2008","Cyprus","Total","From 25 to 64 years","Upper secondary and post-secondary non-tertiary education (levels 3 and 4)","Percentage","3.0",""
"2008","Latvia","Total","From 25 to 64 years","Upper secondary and post-secondary non-tertiary education (levels 3 and 4)","Percentage","7.5",""
"2008","Lithuania","Total","From 25 to 64 years","Upper secondary and post-secondary non-tertiary education (levels 3 and 4)","Percentage","6.2",""
"2008","Luxembourg","Total","From 25 to 64 years","Upper secondary and post-secondary non-tertiary education (levels 3 and 4)","Percentage","4.9",""
"2008","Hungary","Total","From 25 to 64 years","Upper secondary and post-secondary non-tertiary education (levels 3 and 4)","Percentage","6.3",""
"2008","Malta","Total","From 25 to 64 years","Upper secondary and post-secondary non-tertiary education (levels 3 and 4)","Percentage","2.0","u"
"2008","Netherlands","Total","From 25 to 64 years","Upper secondary and post-secondary non-tertiary education (levels 3 and 4)","Percentage","2.6",""
"2008","Austria","Total","From 25 to 64 years","Upper secondary and post-secondary non-tertiary education (levels 3 and 4)","Percentage","3.2",""
"2008","Poland","Total","From 25 to 64 years","Upper secondary and post-secondary non-tertiary education (levels 3 and 4)","Percentage","6.3",""
"2008","Portugal","Total","From 25 to 64 years","Upper secondary and post-secondary non-tertiary education (levels 3 and 4)","Percentage","6.5",""
"2008","Romania","Total","From 25 to 64 years","Upper secondary and post-secondary non-tertiary education (levels 3 and 4)","Percentage","4.8",""
"2008","Slovenia","Total","From 25 to 64 years","Upper secondary and post-secondary non-tertiary education (levels 3 and 4)","Percentage","3.5",""
"2008","Slovakia","Total","From 25 to 64 years","Upper secondary and post-secondary non-tertiary education (levels 3 and 4)","Percentage","7.4",""
"2008","Finland","Total","From 25 to 64 years","Upper secondary and post-secondary non-tertiary education (levels 3 and 4)","Percentage","5.4","b"
"2008","Sweden","Total","From 25 to 64 years","Upper secondary and post-secondary non-tertiary education (levels 3 and 4)","Percentage","3.9",""
"2008","Iceland","Total","From 25 to 64 years","Upper secondary and post-secondary non-tertiary education (levels 3 and 4)","Percentage","1.4",""
"2008","Norway","Total","From 25 to 64 years","Upper secondary and post-secondary non-tertiary education (levels 3 and 4)","Percentage","1.4",""
"2008","Switzerland","Total","From 25 to 64 years","Upper secondary and post-secondary non-tertiary education (levels 3 and 4)","Percentage","2.8",""
"2008","United Kingdom","Total","From 25 to 64 years","Upper secondary and post-secondary non-tertiary education (levels 3 and 4)","Percentage","4.1","b"
"2008","Montenegro","Total","From 25 to 64 years","Upper secondary and post-secondary non-tertiary education (levels 3 and 4)","Percentage",":",""
"2008","North Macedonia","Total","From 25 to 64 years","Upper secondary and post-secondary non-tertiary education (levels 3 and 4)","Percentage","29.1",""
"2008","Serbia","Total","From 25 to 64 years","Upper secondary and post-secondary non-tertiary education (levels 3 and 4)","Percentage",":",""
"2008","Turkey","Total","From 25 to 64 years","Upper secondary and post-secondary non-tertiary education (levels 3 and 4)","Percentage","8.0",""
"2009","European Union - 28 countries (2013-2020)","Total","From 25 to 64 years","Upper secondary and post-secondary non-tertiary education (levels 3 and 4)","Percentage","7.2",""
"2009","European Union - 15 countries (1995-2004)","Total","From 25 to 64 years","Upper secondary and post-secondary non-tertiary education (levels 3 and 4)","Percentage","7.1",""
"2009","Euro area - 19 countries  (from 2015)","Total","From 25 to 64 years","Upper secondary and post-secondary non-tertiary education (levels 3 and 4)","Percentage","7.6",""
"2009","Belgium","Total","From 25 to 64 years","Upper secondary and post-secondary non-tertiary education (levels 3 and 4)","Percentage","6.5",""
"2009","Bulgaria","Total","From 25 to 64 years","Upper secondary and post-secondary non-tertiary education (levels 3 and 4)","Percentage","5.2",""
"2009","Czechia","Total","From 25 to 64 years","Upper secondary and post-secondary non-tertiary education (levels 3 and 4)","Percentage","5.4",""
"2009","Denmark","Total","From 25 to 64 years","Upper secondary and post-secondary non-tertiary education (levels 3 and 4)","Percentage","5.0",""
"2009","Germany (until 1990 former territory of the FRG)","Total","From 25 to 64 years","Upper secondary and post-secondary non-tertiary education (levels 3 and 4)","Percentage","7.5",""
"2009","Estonia","Total","From 25 to 64 years","Upper secondary and post-secondary non-tertiary education (levels 3 and 4)","Percentage","14.7",""
"2009","Ireland","Total","From 25 to 64 years","Upper secondary and post-secondary non-tertiary education (levels 3 and 4)","Percentage","11.9",""
"2009","Greece","Total","From 25 to 64 years","Upper secondary and post-secondary non-tertiary education (levels 3 and 4)","Percentage","9.3","b"
"2009","Spain","Total","From 25 to 64 years","Upper secondary and post-secondary non-tertiary education (levels 3 and 4)","Percentage","15.0",""
"2009","France","Total","From 25 to 64 years","Upper secondary and post-secondary non-tertiary education (levels 3 and 4)","Percentage","6.6",""
"2009","Croatia","Total","From 25 to 64 years","Upper secondary and post-secondary non-tertiary education (levels 3 and 4)","Percentage","8.0",""
"2009","Italy","Total","From 25 to 64 years","Upper secondary and post-secondary non-tertiary education (levels 3 and 4)","Percentage","5.6",""
"2009","Cyprus","Total","From 25 to 64 years","Upper secondary and post-secondary non-tertiary education (levels 3 and 4)","Percentage","4.6","b"
"2009","Latvia","Total","From 25 to 64 years","Upper secondary and post-secondary non-tertiary education (levels 3 and 4)","Percentage","17.9",""
"2009","Lithuania","Total","From 25 to 64 years","Upper secondary and post-secondary non-tertiary education (levels 3 and 4)","Percentage","15.1",""
"2009","Luxembourg","Total","From 25 to 64 years","Upper secondary and post-secondary non-tertiary education (levels 3 and 4)","Percentage","3.4","b"
"2009","Hungary","Total","From 25 to 64 years","Upper secondary and post-secondary non-tertiary education (levels 3 and 4)","Percentage","8.3",""
"2009","Malta","Total","From 25 to 64 years","Upper secondary and post-secondary non-tertiary education (levels 3 and 4)","Percentage","4.3",""
"2009","Netherlands","Total","From 25 to 64 years","Upper secondary and post-secondary non-tertiary education (levels 3 and 4)","Percentage","3.2",""
"2009","Austria","Total","From 25 to 64 years","Upper secondary and post-secondary non-tertiary education (levels 3 and 4)","Percentage","4.1",""
"2009","Poland","Total","From 25 to 64 years","Upper secondary and post-secondary non-tertiary education (levels 3 and 4)","Percentage","7.2",""
"2009","Portugal","Total","From 25 to 64 years","Upper secondary and post-secondary non-tertiary education (levels 3 and 4)","Percentage","8.1",""
"2009","Romania","Total","From 25 to 64 years","Upper secondary and post-secondary non-tertiary education (levels 3 and 4)","Percentage","5.8",""
"2009","Slovenia","Total","From 25 to 64 years","Upper secondary and post-secondary non-tertiary education (levels 3 and 4)","Percentage","5.6",""
"2009","Slovakia","Total","From 25 to 64 years","Upper secondary and post-secondary non-tertiary education (levels 3 and 4)","Percentage","10.0",""
"2009","Finland","Total","From 25 to 64 years","Upper secondary and post-secondary non-tertiary education (levels 3 and 4)","Percentage","7.7",""
"2009","Sweden","Total","From 25 to 64 years","Upper secondary and post-secondary non-tertiary education (levels 3 and 4)","Percentage","5.7",""
"2009","Iceland","Total","From 25 to 64 years","Upper secondary and post-secondary non-tertiary education (levels 3 and 4)","Percentage","5.8",""
"2009","Norway","Total","From 25 to 64 years","Upper secondary and post-secondary non-tertiary education (levels 3 and 4)","Percentage","1.9",""
"2009","Switzerland","Total","From 25 to 64 years","Upper secondary and post-secondary non-tertiary education (levels 3 and 4)","Percentage","3.2",""
"2009","United Kingdom","Total","From 25 to 64 years","Upper secondary and post-secondary non-tertiary education (levels 3 and 4)","Percentage","5.9",""
"2009","Montenegro","Total","From 25 to 64 years","Upper secondary and post-secondary non-tertiary education (levels 3 and 4)","Percentage",":",""
"2009","North Macedonia","Total","From 25 to 64 years","Upper secondary and post-secondary non-tertiary education (levels 3 and 4)","Percentage","28.6",""
"2009","Serbia","Total","From 25 to 64 years","Upper secondary and post-secondary non-tertiary education (levels 3 and 4)","Percentage",":",""
"2009","Turkey","Total","From 25 to 64 years","Upper secondary and post-secondary non-tertiary education (levels 3 and 4)","Percentage","11.3",""
"2010","European Union - 28 countries (2013-2020)","Total","From 25 to 64 years","Upper secondary and post-secondary non-tertiary education (levels 3 and 4)","Percentage","7.8",""
"2010","European Union - 15 countries (1995-2004)","Total","From 25 to 64 years","Upper secondary and post-secondary non-tertiary education (levels 3 and 4)","Percentage","7.3",""
"2010","Euro area - 19 countries  (from 2015)","Total","From 25 to 64 years","Upper secondary and post-secondary non-tertiary education (levels 3 and 4)","Percentage","8.0",""
"2010","Belgium","Total","From 25 to 64 years","Upper secondary and post-secondary non-tertiary education (levels 3 and 4)","Percentage","6.6",""
"2010","Bulgaria","Total","From 25 to 64 years","Upper secondary and post-secondary non-tertiary education (levels 3 and 4)","Percentage","8.4","b"
"2010","Czechia","Total","From 25 to 64 years","Upper secondary and post-secondary non-tertiary education (levels 3 and 4)","Percentage","6.2",""
"2010","Denmark","Total","From 25 to 64 years","Upper secondary and post-secondary non-tertiary education (levels 3 and 4)","Percentage","6.3",""
"2010","Germany (until 1990 former territory of the FRG)","Total","From 25 to 64 years","Upper secondary and post-secondary non-tertiary education (levels 3 and 4)","Percentage","6.9","b"
"2010","Estonia","Total","From 25 to 64 years","Upper secondary and post-secondary non-tertiary education (levels 3 and 4)","Percentage","17.8",""
"2010","Ireland","Total","From 25 to 64 years","Upper secondary and post-secondary non-tertiary education (levels 3 and 4)","Percentage","14.7",""
"2010","Greece","Total","From 25 to 64 years","Upper secondary and post-secondary non-tertiary education (levels 3 and 4)","Percentage","12.8",""
"2010","Spain","Total","From 25 to 64 years","Upper secondary and post-secondary non-tertiary education (levels 3 and 4)","Percentage","17.2",""
"2010","France","Total","From 25 to 64 years","Upper secondary and post-secondary non-tertiary education (levels 3 and 4)","Percentage","6.8",""
"2010","Croatia","Total","From 25 to 64 years","Upper secondary and post-secondary non-tertiary education (levels 3 and 4)","Percentage","9.7","b"
"2010","Italy","Total","From 25 to 64 years","Upper secondary and post-secondary non-tertiary education (levels 3 and 4)","Percentage","6.0",""
"2010","Cyprus","Total","From 25 to 64 years","Upper secondary and post-secondary non-tertiary education (levels 3 and 4)","Percentage","5.0",""
"2010","Latvia","Total","From 25 to 64 years","Upper secondary and post-secondary non-tertiary education (levels 3 and 4)","Percentage","19.6",""
"2010","Lithuania","Total","From 25 to 64 years","Upper secondary and post-secondary non-tertiary education (levels 3 and 4)","Percentage","20.6",""
"2010","Luxembourg","Total","From 25 to 64 years","Upper secondary and post-secondary non-tertiary education (levels 3 and 4)","Percentage","3.6",""
"2010","Hungary","Total","From 25 to 64 years","Upper secondary and post-secondary non-tertiary education (levels 3 and 4)","Percentage","9.5",""
"2010","Malta","Total","From 25 to 64 years","Upper secondary and post-secondary non-tertiary education (levels 3 and 4)","Percentage","3.9",""
"2010","Netherlands","Total","From 25 to 64 years","Upper secondary and post-secondary non-tertiary education (levels 3 and 4)","Percentage","3.7",""
"2010","Austria","Total","From 25 to 64 years","Upper secondary and post-secondary non-tertiary education (levels 3 and 4)","Percentage","3.9",""
"2010","Poland","Total","From 25 to 64 years","Upper secondary and post-secondary non-tertiary education (levels 3 and 4)","Percentage","8.9","b"
"2010","Portugal","Total","From 25 to 64 years","Upper secondary and post-secondary non-tertiary education (levels 3 and 4)","Percentage","9.7",""
"2010","Romania","Total","From 25 to 64 years","Upper secondary and post-secondary non-tertiary education (levels 3 and 4)","Percentage","6.5","b"
"2010","Slovenia","Total","From 25 to 64 years","Upper secondary and post-secondary non-tertiary education (levels 3 and 4)","Percentage","6.9",""
"2010","Slovakia","Total","From 25 to 64 years","Upper secondary and post-secondary non-tertiary education (levels 3 and 4)","Percentage","12.3",""
"2010","Finland","Total","From 25 to 64 years","Upper secondary and post-secondary non-tertiary education (levels 3 and 4)","Percentage","7.5",""
"2010","Sweden","Total","From 25 to 64 years","Upper secondary and post-secondary non-tertiary education (levels 3 and 4)","Percentage","5.9",""
"2010","Iceland","Total","From 25 to 64 years","Upper secondary and post-secondary non-tertiary education (levels 3 and 4)","Percentage","7.2",""
"2010","Norway","Total","From 25 to 64 years","Upper secondary and post-secondary non-tertiary education (levels 3 and 4)","Percentage","2.4",""
"2010","Switzerland","Total","From 25 to 64 years","Upper secondary and post-secondary non-tertiary education (levels 3 and 4)","Percentage","4.3","b"
"2010","United Kingdom","Total","From 25 to 64 years","Upper secondary and post-secondary non-tertiary education (levels 3 and 4)","Percentage","6.2","b"
"2010","Montenegro","Total","From 25 to 64 years","Upper secondary and post-secondary non-tertiary education (levels 3 and 4)","Percentage",":",""
"2010","North Macedonia","Total","From 25 to 64 years","Upper secondary and post-secondary non-tertiary education (levels 3 and 4)","Percentage","28.9",""
"2010","Serbia","Total","From 25 to 64 years","Upper secondary and post-secondary non-tertiary education (levels 3 and 4)","Percentage","19.7",""
"2010","Turkey","Total","From 25 to 64 years","Upper secondary and post-secondary non-tertiary education (levels 3 and 4)","Percentage","10.1",""
"2011","European Union - 28 countries (2013-2020)","Total","From 25 to 64 years","Upper secondary and post-secondary non-tertiary education (levels 3 and 4)","Percentage","7.6",""
"2011","European Union - 15 countries (1995-2004)","Total","From 25 to 64 years","Upper secondary and post-secondary non-tertiary education (levels 3 and 4)","Percentage","7.2",""
"2011","Euro area - 19 countries  (from 2015)","Total","From 25 to 64 years","Upper secondary and post-secondary non-tertiary education (levels 3 and 4)","Percentage","7.9",""
"2011","Belgium","Total","From 25 to 64 years","Upper secondary and post-secondary non-tertiary education (levels 3 and 4)","Percentage","5.7","b"
"2011","Bulgaria","Total","From 25 to 64 years","Upper secondary and post-secondary non-tertiary education (levels 3 and 4)","Percentage","9.2","b"
"2011","Czechia","Total","From 25 to 64 years","Upper secondary and post-secondary non-tertiary education (levels 3 and 4)","Percentage","5.7","b"
"2011","Denmark","Total","From 25 to 64 years","Upper secondary and post-secondary non-tertiary education (levels 3 and 4)","Percentage","6.0",""
"2011","Germany (until 1990 former territory of the FRG)","Total","From 25 to 64 years","Upper secondary and post-secondary non-tertiary education (levels 3 and 4)","Percentage","5.7","b"
"2011","Estonia","Total","From 25 to 64 years","Upper secondary and post-secondary non-tertiary education (levels 3 and 4)","Percentage","11.8",""
"2011","Ireland","Total","From 25 to 64 years","Upper secondary and post-secondary non-tertiary education (levels 3 and 4)","Percentage","16.1",""
"2011","Greece","Total","From 25 to 64 years","Upper secondary and post-secondary non-tertiary education (levels 3 and 4)","Percentage","17.8",""
"2011","Spain","Total","From 25 to 64 years","Upper secondary and post-secondary non-tertiary education (levels 3 and 4)","Percentage","19.0",""
"2011","France","Total","From 25 to 64 years","Upper secondary and post-secondary non-tertiary education (levels 3 and 4)","Percentage","7.0",""
"2011","Croatia","Total","From 25 to 64 years","Upper secondary and post-secondary non-tertiary education (levels 3 and 4)","Percentage","11.6",""
"2011","Italy","Total","From 25 to 64 years","Upper secondary and post-secondary non-tertiary education (levels 3 and 4)","Percentage","5.9",""
"2011","Cyprus","Total","From 25 to 64 years","Upper secondary and post-secondary non-tertiary education (levels 3 and 4)","Percentage","6.9",""
"2011","Latvia","Total","From 25 to 64 years","Upper secondary and post-secondary non-tertiary education (levels 3 and 4)","Percentage","16.9",""
"2011","Lithuania","Total","From 25 to 64 years","Upper secondary and post-secondary non-tertiary education (levels 3 and 4)","Percentage","17.8",""
"2011","Luxembourg","Total","From 25 to 64 years","Upper secondary and post-secondary non-tertiary education (levels 3 and 4)","Percentage","3.7",""
"2011","Hungary","Total","From 25 to 64 years","Upper secondary and post-secondary non-tertiary education (levels 3 and 4)","Percentage","9.7",""
"2011","Malta","Total","From 25 to 64 years","Upper secondary and post-secondary non-tertiary education (levels 3 and 4)","Percentage","3.4","b"
"2011","Netherlands","Total","From 25 to 64 years","Upper secondary and post-secondary non-tertiary education (levels 3 and 4)","Percentage","4.1",""
"2011","Austria","Total","From 25 to 64 years","Upper secondary and post-secondary non-tertiary education (levels 3 and 4)","Percentage","3.6",""
"2011","Poland","Total","From 25 to 64 years","Upper secondary and post-secondary non-tertiary education (levels 3 and 4)","Percentage","8.7",""
"2011","Portugal","Total","From 25 to 64 years","Upper secondary and post-secondary non-tertiary education (levels 3 and 4)","Percentage","11.0","b"
"2011","Romania","Total","From 25 to 64 years","Upper secondary and post-secondary non-tertiary education (levels 3 and 4)","Percentage","6.3",""
"2011","Slovenia","Total","From 25 to 64 years","Upper secondary and post-secondary non-tertiary education (levels 3 and 4)","Percentage","8.2",""
"2011","Slovakia","Total","From 25 to 64 years","Upper secondary and post-secondary non-tertiary education (levels 3 and 4)","Percentage","11.6","b"
"2011","Finland","Total","From 25 to 64 years","Upper secondary and post-secondary non-tertiary education (levels 3 and 4)","Percentage","6.9",""
"2011","Sweden","Total","From 25 to 64 years","Upper secondary and post-secondary non-tertiary education (levels 3 and 4)","Percentage","4.9",""
"2011","Iceland","Total","From 25 to 64 years","Upper secondary and post-secondary non-tertiary education (levels 3 and 4)","Percentage","5.4",""
"2011","Norway","Total","From 25 to 64 years","Upper secondary and post-secondary non-tertiary education (levels 3 and 4)","Percentage","2.2",""
"2011","Switzerland","Total","From 25 to 64 years","Upper secondary and post-secondary non-tertiary education (levels 3 and 4)","Percentage","3.6",""
"2011","United Kingdom","Total","From 25 to 64 years","Upper secondary and post-secondary non-tertiary education (levels 3 and 4)","Percentage","6.1","b"
"2011","Montenegro","Total","From 25 to 64 years","Upper secondary and post-secondary non-tertiary education (levels 3 and 4)","Percentage","18.9",""
"2011","North Macedonia","Total","From 25 to 64 years","Upper secondary and post-secondary non-tertiary education (levels 3 and 4)","Percentage","28.7",""
"2011","Serbia","Total","From 25 to 64 years","Upper secondary and post-secondary non-tertiary education (levels 3 and 4)","Percentage","23.2",""
"2011","Turkey","Total","From 25 to 64 years","Upper secondary and post-secondary non-tertiary education (levels 3 and 4)","Percentage","8.0",""
"2012","European Union - 28 countries (2013-2020)","Total","From 25 to 64 years","Upper secondary and post-secondary non-tertiary education (levels 3 and 4)","Percentage","8.2",""
"2012","European Union - 15 countries (1995-2004)","Total","From 25 to 64 years","Upper secondary and post-secondary non-tertiary education (levels 3 and 4)","Percentage","7.9",""
"2012","Euro area - 19 countries  (from 2015)","Total","From 25 to 64 years","Upper secondary and post-secondary non-tertiary education (levels 3 and 4)","Percentage","8.7",""
"2012","Belgium","Total","From 25 to 64 years","Upper secondary and post-secondary non-tertiary education (levels 3 and 4)","Percentage","6.7",""
"2012","Bulgaria","Total","From 25 to 64 years","Upper secondary and post-secondary non-tertiary education (levels 3 and 4)","Percentage","10.2",""
"2012","Czechia","Total","From 25 to 64 years","Upper secondary and post-secondary non-tertiary education (levels 3 and 4)","Percentage","5.7",""
"2012","Denmark","Total","From 25 to 64 years","Upper secondary and post-secondary non-tertiary education (levels 3 and 4)","Percentage","6.2",""
"2012","Germany (until 1990 former territory of the FRG)","Total","From 25 to 64 years","Upper secondary and post-secondary non-tertiary education (levels 3 and 4)","Percentage","5.3","b"
"2012","Estonia","Total","From 25 to 64 years","Upper secondary and post-secondary non-tertiary education (levels 3 and 4)","Percentage","9.6",""
"2012","Ireland","Total","From 25 to 64 years","Upper secondary and post-secondary non-tertiary education (levels 3 and 4)","Percentage","16.2",""
"2012","Greece","Total","From 25 to 64 years","Upper secondary and post-secondary non-tertiary education (levels 3 and 4)","Percentage","24.5",""
"2012","Spain","Total","From 25 to 64 years","Upper secondary and post-secondary non-tertiary education (levels 3 and 4)","Percentage","21.5",""
"2012","France","Total","From 25 to 64 years","Upper secondary and post-secondary non-tertiary education (levels 3 and 4)","Percentage","7.8",""
"2012","Croatia","Total","From 25 to 64 years","Upper secondary and post-secondary non-tertiary education (levels 3 and 4)","Percentage","14.6",""
"2012","Italy","Total","From 25 to 64 years","Upper secondary and post-secondary non-tertiary education (levels 3 and 4)","Percentage","7.7",""
"2012","Cyprus","Total","From 25 to 64 years","Upper secondary and post-secondary non-tertiary education (levels 3 and 4)","Percentage","11.2",""
"2012","Latvia","Total","From 25 to 64 years","Upper secondary and post-secondary non-tertiary education (levels 3 and 4)","Percentage","16.7",""
"2012","Lithuania","Total","From 25 to 64 years","Upper secondary and post-secondary non-tertiary education (levels 3 and 4)","Percentage","15.7",""
"2012","Luxembourg","Total","From 25 to 64 years","Upper secondary and post-secondary non-tertiary education (levels 3 and 4)","Percentage","4.2",""
"2012","Hungary","Total","From 25 to 64 years","Upper secondary and post-secondary non-tertiary education (levels 3 and 4)","Percentage","9.5",""
"2012","Malta","Total","From 25 to 64 years","Upper secondary and post-secondary non-tertiary education (levels 3 and 4)","Percentage","2.3",""
"2012","Netherlands","Total","From 25 to 64 years","Upper secondary and post-secondary non-tertiary education (levels 3 and 4)","Percentage","4.9",""
"2012","Austria","Total","From 25 to 64 years","Upper secondary and post-secondary non-tertiary education (levels 3 and 4)","Percentage","4.0",""
"2012","Poland","Total","From 25 to 64 years","Upper secondary and post-secondary non-tertiary education (levels 3 and 4)","Percentage","9.3",""
"2012","Portugal","Total","From 25 to 64 years","Upper secondary and post-secondary non-tertiary education (levels 3 and 4)","Percentage","14.4",""
"2012","Romania","Total","From 25 to 64 years","Upper secondary and post-secondary non-tertiary education (levels 3 and 4)","Percentage","5.9",""
"2012","Slovenia","Total","From 25 to 64 years","Upper secondary and post-secondary non-tertiary education (levels 3 and 4)","Percentage","8.1",""
"2012","Slovakia","Total","From 25 to 64 years","Upper secondary and post-secondary non-tertiary education (levels 3 and 4)","Percentage","11.7",""
"2012","Finland","Total","From 25 to 64 years","Upper secondary and post-secondary non-tertiary education (levels 3 and 4)","Percentage","7.1",""
"2012","Sweden","Total","From 25 to 64 years","Upper secondary and post-secondary non-tertiary education (levels 3 and 4)","Percentage","5.1",""
"2012","Iceland","Total","From 25 to 64 years","Upper secondary and post-secondary non-tertiary education (levels 3 and 4)","Percentage","4.1",""
"2012","Norway","Total","From 25 to 64 years","Upper secondary and post-secondary non-tertiary education (levels 3 and 4)","Percentage","2.3",""
"2012","Switzerland","Total","From 25 to 64 years","Upper secondary and post-secondary non-tertiary education (levels 3 and 4)","Percentage","3.7",""
"2012","United Kingdom","Total","From 25 to 64 years","Upper secondary and post-secondary non-tertiary education (levels 3 and 4)","Percentage","6.0",""
"2012","Montenegro","Total","From 25 to 64 years","Upper secondary and post-secondary non-tertiary education (levels 3 and 4)","Percentage","18.7",""
"2012","North Macedonia","Total","From 25 to 64 years","Upper secondary and post-secondary non-tertiary education (levels 3 and 4)","Percentage","28.7",""
"2012","Serbia","Total","From 25 to 64 years","Upper secondary and post-secondary non-tertiary education (levels 3 and 4)","Percentage","24.1",""
"2012","Turkey","Total","From 25 to 64 years","Upper secondary and post-secondary non-tertiary education (levels 3 and 4)","Percentage","7.6",""
"2013","European Union - 28 countries (2013-2020)","Total","From 25 to 64 years","Upper secondary and post-secondary non-tertiary education (levels 3 and 4)","Percentage","8.6",""
"2013","European Union - 15 countries (1995-2004)","Total","From 25 to 64 years","Upper secondary and post-secondary non-tertiary education (levels 3 and 4)","Percentage","8.4",""
"2013","Euro area - 19 countries  (from 2015)","Total","From 25 to 64 years","Upper secondary and post-secondary non-tertiary education (levels 3 and 4)","Percentage","9.2",""
"2013","Belgium","Total","From 25 to 64 years","Upper secondary and post-secondary non-tertiary education (levels 3 and 4)","Percentage","6.8",""
"2013","Bulgaria","Total","From 25 to 64 years","Upper secondary and post-secondary non-tertiary education (levels 3 and 4)","Percentage","11.2",""
"2013","Czechia","Total","From 25 to 64 years","Upper secondary and post-secondary non-tertiary education (levels 3 and 4)","Percentage","6.1",""
"2013","Denmark","Total","From 25 to 64 years","Upper secondary and post-secondary non-tertiary education (levels 3 and 4)","Percentage","5.8",""
"2013","Germany (until 1990 former territory of the FRG)","Total","From 25 to 64 years","Upper secondary and post-secondary non-tertiary education (levels 3 and 4)","Percentage","5.1",""
"2013","Estonia","Total","From 25 to 64 years","Upper secondary and post-secondary non-tertiary education (levels 3 and 4)","Percentage","8.8",""
"2013","Ireland","Total","From 25 to 64 years","Upper secondary and post-secondary non-tertiary education (levels 3 and 4)","Percentage","15.0",""
"2013","Greece","Total","From 25 to 64 years","Upper secondary and post-secondary non-tertiary education (levels 3 and 4)","Percentage","28.1",""
"2013","Spain","Total","From 25 to 64 years","Upper secondary and post-secondary non-tertiary education (levels 3 and 4)","Percentage","23.2",""
"2013","France","Total","From 25 to 64 years","Upper secondary and post-secondary non-tertiary education (levels 3 and 4)","Percentage","8.5","b"
"2013","Croatia","Total","From 25 to 64 years","Upper secondary and post-secondary non-tertiary education (levels 3 and 4)","Percentage","15.3",""
"2013","Italy","Total","From 25 to 64 years","Upper secondary and post-secondary non-tertiary education (levels 3 and 4)","Percentage","8.9",""
"2013","Cyprus","Total","From 25 to 64 years","Upper secondary and post-secondary non-tertiary education (levels 3 and 4)","Percentage","14.8",""
"2013","Latvia","Total","From 25 to 64 years","Upper secondary and post-secondary non-tertiary education (levels 3 and 4)","Percentage","12.5",""
"2013","Lithuania","Total","From 25 to 64 years","Upper secondary and post-secondary non-tertiary education (levels 3 and 4)","Percentage","13.9",""
"2013","Luxembourg","Total","From 25 to 64 years","Upper secondary and post-secondary non-tertiary education (levels 3 and 4)","Percentage","5.5",""
"2013","Hungary","Total","From 25 to 64 years","Upper secondary and post-secondary non-tertiary education (levels 3 and 4)","Percentage","8.8",""
"2013","Malta","Total","From 25 to 64 years","Upper secondary and post-secondary non-tertiary education (levels 3 and 4)","Percentage","2.5",""
"2013","Netherlands","Total","From 25 to 64 years","Upper secondary and post-secondary non-tertiary education (levels 3 and 4)","Percentage","6.7","b"
"2013","Austria","Total","From 25 to 64 years","Upper secondary and post-secondary non-tertiary education (levels 3 and 4)","Percentage","4.3",""
"2013","Poland","Total","From 25 to 64 years","Upper secondary and post-secondary non-tertiary education (levels 3 and 4)","Percentage","9.7",""
"2013","Portugal","Total","From 25 to 64 years","Upper secondary and post-secondary non-tertiary education (levels 3 and 4)","Percentage","14.4",""
"2013","Romania","Total","From 25 to 64 years","Upper secondary and post-secondary non-tertiary education (levels 3 and 4)","Percentage","6.3",""
"2013","Slovenia","Total","From 25 to 64 years","Upper secondary and post-secondary non-tertiary education (levels 3 and 4)","Percentage","9.8",""
"2013","Slovakia","Total","From 25 to 64 years","Upper secondary and post-secondary non-tertiary education (levels 3 and 4)","Percentage","12.3",""
"2013","Finland","Total","From 25 to 64 years","Upper secondary and post-secondary non-tertiary education (levels 3 and 4)","Percentage","7.5",""
"2013","Sweden","Total","From 25 to 64 years","Upper secondary and post-secondary non-tertiary education (levels 3 and 4)","Percentage","5.2",""
"2013","Iceland","Total","From 25 to 64 years","Upper secondary and post-secondary non-tertiary education (levels 3 and 4)","Percentage","4.1",""
"2013","Norway","Total","From 25 to 64 years","Upper secondary and post-secondary non-tertiary education (levels 3 and 4)","Percentage","2.3",""
"2013","Switzerland","Total","From 25 to 64 years","Upper secondary and post-secondary non-tertiary education (levels 3 and 4)","Percentage","3.8",""
"2013","United Kingdom","Total","From 25 to 64 years","Upper secondary and post-secondary non-tertiary education (levels 3 and 4)","Percentage","5.8",""
"2013","Montenegro","Total","From 25 to 64 years","Upper secondary and post-secondary non-tertiary education (levels 3 and 4)","Percentage","18.4",""
"2013","North Macedonia","Total","From 25 to 64 years","Upper secondary and post-secondary non-tertiary education (levels 3 and 4)","Percentage","25.8",""
"2013","Serbia","Total","From 25 to 64 years","Upper secondary and post-secondary non-tertiary education (levels 3 and 4)","Percentage","22.0",""
"2013","Turkey","Total","From 25 to 64 years","Upper secondary and post-secondary non-tertiary education (levels 3 and 4)","Percentage","7.9",""
"2014","European Union - 28 countries (2013-2020)","Total","From 25 to 64 years","Upper secondary and post-secondary non-tertiary education (levels 3 and 4)","Percentage","8.1","b"
"2014","European Union - 15 countries (1995-2004)","Total","From 25 to 64 years","Upper secondary and post-secondary non-tertiary education (levels 3 and 4)","Percentage","8.1","b"
"2014","Euro area - 19 countries  (from 2015)","Total","From 25 to 64 years","Upper secondary and post-secondary non-tertiary education (levels 3 and 4)","Percentage","8.9","b"
"2014","Belgium","Total","From 25 to 64 years","Upper secondary and post-secondary non-tertiary education (levels 3 and 4)","Percentage","7.3","b"
"2014","Bulgaria","Total","From 25 to 64 years","Upper secondary and post-secondary non-tertiary education (levels 3 and 4)","Percentage","9.8","b"
"2014","Czechia","Total","From 25 to 64 years","Upper secondary and post-secondary non-tertiary education (levels 3 and 4)","Percentage","5.4","b"
"2014","Denmark","Total","From 25 to 64 years","Upper secondary and post-secondary non-tertiary education (levels 3 and 4)","Percentage","5.4","b"
"2014","Germany (until 1990 former territory of the FRG)","Total","From 25 to 64 years","Upper secondary and post-secondary non-tertiary education (levels 3 and 4)","Percentage","4.6","b"
"2014","Estonia","Total","From 25 to 64 years","Upper secondary and post-secondary non-tertiary education (levels 3 and 4)","Percentage","7.6","b"
"2014","Ireland","Total","From 25 to 64 years","Upper secondary and post-secondary non-tertiary education (levels 3 and 4)","Percentage","12.8","b"
"2014","Greece","Total","From 25 to 64 years","Upper secondary and post-secondary non-tertiary education (levels 3 and 4)","Percentage","27.7","b"
"2014","Spain","Total","From 25 to 64 years","Upper secondary and post-secondary non-tertiary education (levels 3 and 4)","Percentage","21.6","b"
"2014","France","Total","From 25 to 64 years","Upper secondary and post-secondary non-tertiary education (levels 3 and 4)","Percentage","9.0","b"
"2014","Croatia","Total","From 25 to 64 years","Upper secondary and post-secondary non-tertiary education (levels 3 and 4)","Percentage","15.2","b"
"2014","Italy","Total","From 25 to 64 years","Upper secondary and post-secondary non-tertiary education (levels 3 and 4)","Percentage","9.1","b"
"2014","Cyprus","Total","From 25 to 64 years","Upper secondary and post-secondary non-tertiary education (levels 3 and 4)","Percentage","15.6","b"
"2014","Latvia","Total","From 25 to 64 years","Upper secondary and post-secondary non-tertiary education (levels 3 and 4)","Percentage","11.2","b"
"2014","Lithuania","Total","From 25 to 64 years","Upper secondary and post-secondary non-tertiary education (levels 3 and 4)","Percentage","13.2","b"
"2014","Luxembourg","Total","From 25 to 64 years","Upper secondary and post-secondary non-tertiary education (levels 3 and 4)","Percentage","5.1","b"
"2014","Hungary","Total","From 25 to 64 years","Upper secondary and post-secondary non-tertiary education (levels 3 and 4)","Percentage","6.5","b"
"2014","Malta","Total","From 25 to 64 years","Upper secondary and post-secondary non-tertiary education (levels 3 and 4)","Percentage","2.5","b"
"2014","Netherlands","Total","From 25 to 64 years","Upper secondary and post-secondary non-tertiary education (levels 3 and 4)","Percentage","7.1","b"
"2014","Austria","Total","From 25 to 64 years","Upper secondary and post-secondary non-tertiary education (levels 3 and 4)","Percentage","4.5","b"
"2014","Poland","Total","From 25 to 64 years","Upper secondary and post-secondary non-tertiary education (levels 3 and 4)","Percentage","8.6","b"
"2014","Portugal","Total","From 25 to 64 years","Upper secondary and post-secondary non-tertiary education (levels 3 and 4)","Percentage","12.6","b"
"2014","Romania","Total","From 25 to 64 years","Upper secondary and post-secondary non-tertiary education (levels 3 and 4)","Percentage","5.8","b"
"2014","Slovenia","Total","From 25 to 64 years","Upper secondary and post-secondary non-tertiary education (levels 3 and 4)","Percentage","9.7","b"
"2014","Slovakia","Total","From 25 to 64 years","Upper secondary and post-secondary non-tertiary education (levels 3 and 4)","Percentage","11.3","b"
"2014","Finland","Total","From 25 to 64 years","Upper secondary and post-secondary non-tertiary education (levels 3 and 4)","Percentage","8.1","b"
"2014","Sweden","Total","From 25 to 64 years","Upper secondary and post-secondary non-tertiary education (levels 3 and 4)","Percentage","5.1","b"
"2014","Iceland","Total","From 25 to 64 years","Upper secondary and post-secondary non-tertiary education (levels 3 and 4)","Percentage","4.0","b"
"2014","Norway","Total","From 25 to 64 years","Upper secondary and post-secondary non-tertiary education (levels 3 and 4)","Percentage","2.6","b"
"2014","Switzerland","Total","From 25 to 64 years","Upper secondary and post-secondary non-tertiary education (levels 3 and 4)","Percentage","4.1","b"
"2014","United Kingdom","Total","From 25 to 64 years","Upper secondary and post-secondary non-tertiary education (levels 3 and 4)","Percentage","4.9","b"
"2014","Montenegro","Total","From 25 to 64 years","Upper secondary and post-secondary non-tertiary education (levels 3 and 4)","Percentage","17.5","b"
"2014","North Macedonia","Total","From 25 to 64 years","Upper secondary and post-secondary non-tertiary education (levels 3 and 4)","Percentage","25.1","b"
"2014","Serbia","Total","From 25 to 64 years","Upper secondary and post-secondary non-tertiary education (levels 3 and 4)","Percentage","18.7","b"
"2014","Turkey","Total","From 25 to 64 years","Upper secondary and post-secondary non-tertiary education (levels 3 and 4)","Percentage","9.1","b"
"2015","European Union - 28 countries (2013-2020)","Total","From 25 to 64 years","Upper secondary and post-secondary non-tertiary education (levels 3 and 4)","Percentage","7.5",""
"2015","European Union - 15 countries (1995-2004)","Total","From 25 to 64 years","Upper secondary and post-secondary non-tertiary education (levels 3 and 4)","Percentage","7.6",""
"2015","Euro area - 19 countries  (from 2015)","Total","From 25 to 64 years","Upper secondary and post-secondary non-tertiary education (levels 3 and 4)","Percentage","8.5",""
"2015","Belgium","Total","From 25 to 64 years","Upper secondary and post-secondary non-tertiary education (levels 3 and 4)","Percentage","7.5",""
"2015","Bulgaria","Total","From 25 to 64 years","Upper secondary and post-secondary non-tertiary education (levels 3 and 4)","Percentage","7.6",""
"2015","Czechia","Total","From 25 to 64 years","Upper secondary and post-secondary non-tertiary education (levels 3 and 4)","Percentage","4.4",""
"2015","Denmark","Total","From 25 to 64 years","Upper secondary and post-secondary non-tertiary education (levels 3 and 4)","Percentage","4.7",""
"2015","Germany (until 1990 former territory of the FRG)","Total","From 25 to 64 years","Upper secondary and post-secondary non-tertiary education (levels 3 and 4)","Percentage","4.3",""
"2015","Estonia","Total","From 25 to 64 years","Upper secondary and post-secondary non-tertiary education (levels 3 and 4)","Percentage","6.1",""
"2015","Ireland","Total","From 25 to 64 years","Upper secondary and post-secondary non-tertiary education (levels 3 and 4)","Percentage","10.7",""
"2015","Greece","Total","From 25 to 64 years","Upper secondary and post-secondary non-tertiary education (levels 3 and 4)","Percentage","25.5",""
"2015","Spain","Total","From 25 to 64 years","Upper secondary and post-secondary non-tertiary education (levels 3 and 4)","Percentage","19.2",""
"2015","France","Total","From 25 to 64 years","Upper secondary and post-secondary non-tertiary education (levels 3 and 4)","Percentage","9.1",""
"2015","Croatia","Total","From 25 to 64 years","Upper secondary and post-secondary non-tertiary education (levels 3 and 4)","Percentage","14.8",""
"2015","Italy","Total","From 25 to 64 years","Upper secondary and post-secondary non-tertiary education (levels 3 and 4)","Percentage","8.9",""
"2015","Cyprus","Total","From 25 to 64 years","Upper secondary and post-secondary non-tertiary education (levels 3 and 4)","Percentage","14.6",""
"2015","Latvia","Total","From 25 to 64 years","Upper secondary and post-secondary non-tertiary education (levels 3 and 4)","Percentage","10.7",""
"2015","Lithuania","Total","From 25 to 64 years","Upper secondary and post-secondary non-tertiary education (levels 3 and 4)","Percentage","11.5",""
"2015","Luxembourg","Total","From 25 to 64 years","Upper secondary and post-secondary non-tertiary education (levels 3 and 4)","Percentage","5.4","b"
"2015","Hungary","Total","From 25 to 64 years","Upper secondary and post-secondary non-tertiary education (levels 3 and 4)","Percentage","5.7",""
"2015","Malta","Total","From 25 to 64 years","Upper secondary and post-secondary non-tertiary education (levels 3 and 4)","Percentage","2.7",""
"2015","Netherlands","Total","From 25 to 64 years","Upper secondary and post-secondary non-tertiary education (levels 3 and 4)","Percentage","6.8",""
"2015","Austria","Total","From 25 to 64 years","Upper secondary and post-secondary non-tertiary education (levels 3 and 4)","Percentage","4.9",""
"2015","Poland","Total","From 25 to 64 years","Upper secondary and post-secondary non-tertiary education (levels 3 and 4)","Percentage","7.2",""
"2015","Portugal","Total","From 25 to 64 years","Upper secondary and post-secondary non-tertiary education (levels 3 and 4)","Percentage","11.4",""
"2015","Romania","Total","From 25 to 64 years","Upper secondary and post-secondary non-tertiary education (levels 3 and 4)","Percentage","6.0",""
"2015","Slovenia","Total","From 25 to 64 years","Upper secondary and post-secondary non-tertiary education (levels 3 and 4)","Percentage","9.4",""
"2015","Slovakia","Total","From 25 to 64 years","Upper secondary and post-secondary non-tertiary education (levels 3 and 4)","Percentage","9.9",""
"2015","Finland","Total","From 25 to 64 years","Upper secondary and post-secondary non-tertiary education (levels 3 and 4)","Percentage","8.8",""
"2015","Sweden","Total","From 25 to 64 years","Upper secondary and post-secondary non-tertiary education (levels 3 and 4)","Percentage","4.8",""
"2015","Iceland","Total","From 25 to 64 years","Upper secondary and post-secondary non-tertiary education (levels 3 and 4)","Percentage","3.1",""
"2015","Norway","Total","From 25 to 64 years","Upper secondary and post-secondary non-tertiary education (levels 3 and 4)","Percentage","3.4",""
"2015","Switzerland","Total","From 25 to 64 years","Upper secondary and post-secondary non-tertiary education (levels 3 and 4)","Percentage","3.9",""
"2015","United Kingdom","Total","From 25 to 64 years","Upper secondary and post-secondary non-tertiary education (levels 3 and 4)","Percentage","4.2",""
"2015","Montenegro","Total","From 25 to 64 years","Upper secondary and post-secondary non-tertiary education (levels 3 and 4)","Percentage","16.8",""
"2015","North Macedonia","Total","From 25 to 64 years","Upper secondary and post-secondary non-tertiary education (levels 3 and 4)","Percentage","23.7",""
"2015","Serbia","Total","From 25 to 64 years","Upper secondary and post-secondary non-tertiary education (levels 3 and 4)","Percentage","17.1",""
"2015","Turkey","Total","From 25 to 64 years","Upper secondary and post-secondary non-tertiary education (levels 3 and 4)","Percentage","9.1",""
"2016","European Union - 28 countries (2013-2020)","Total","From 25 to 64 years","Upper secondary and post-secondary non-tertiary education (levels 3 and 4)","Percentage","6.8",""
"2016","European Union - 15 countries (1995-2004)","Total","From 25 to 64 years","Upper secondary and post-secondary non-tertiary education (levels 3 and 4)","Percentage","7.1",""
"2016","Euro area - 19 countries  (from 2015)","Total","From 25 to 64 years","Upper secondary and post-secondary non-tertiary education (levels 3 and 4)","Percentage","7.9",""
"2016","Belgium","Total","From 25 to 64 years","Upper secondary and post-secondary non-tertiary education (levels 3 and 4)","Percentage","7.0",""
"2016","Bulgaria","Total","From 25 to 64 years","Upper secondary and post-secondary non-tertiary education (levels 3 and 4)","Percentage","6.2",""
"2016","Czechia","Total","From 25 to 64 years","Upper secondary and post-secondary non-tertiary education (levels 3 and 4)","Percentage","3.2",""
"2016","Denmark","Total","From 25 to 64 years","Upper secondary and post-secondary non-tertiary education (levels 3 and 4)","Percentage","4.4","b"
"2016","Germany (until 1990 former territory of the FRG)","Total","From 25 to 64 years","Upper secondary and post-secondary non-tertiary education (levels 3 and 4)","Percentage","3.7",""
"2016","Estonia","Total","From 25 to 64 years","Upper secondary and post-secondary non-tertiary education (levels 3 and 4)","Percentage","7.6",""
"2016","Ireland","Total","From 25 to 64 years","Upper secondary and post-secondary non-tertiary education (levels 3 and 4)","Percentage","8.5",""
"2016","Greece","Total","From 25 to 64 years","Upper secondary and post-secondary non-tertiary education (levels 3 and 4)","Percentage","24.2",""
"2016","Spain","Total","From 25 to 64 years","Upper secondary and post-secondary non-tertiary education (levels 3 and 4)","Percentage","17.0",""
"2016","France","Total","From 25 to 64 years","Upper secondary and post-secondary non-tertiary education (levels 3 and 4)","Percentage","9.0",""
"2016","Croatia","Total","From 25 to 64 years","Upper secondary and post-secondary non-tertiary education (levels 3 and 4)","Percentage","12.2",""
"2016","Italy","Total","From 25 to 64 years","Upper secondary and post-secondary non-tertiary education (levels 3 and 4)","Percentage","8.8",""
"2016","Cyprus","Total","From 25 to 64 years","Upper secondary and post-secondary non-tertiary education (levels 3 and 4)","Percentage","12.4",""
"2016","Latvia","Total","From 25 to 64 years","Upper secondary and post-secondary non-tertiary education (levels 3 and 4)","Percentage","11.3",""
"2016","Lithuania","Total","From 25 to 64 years","Upper secondary and post-secondary non-tertiary education (levels 3 and 4)","Percentage","10.1",""
"2016","Luxembourg","Total","From 25 to 64 years","Upper secondary and post-secondary non-tertiary education (levels 3 and 4)","Percentage","5.7",""
"2016","Hungary","Total","From 25 to 64 years","Upper secondary and post-secondary non-tertiary education (levels 3 and 4)","Percentage","4.2",""
"2016","Malta","Total","From 25 to 64 years","Upper secondary and post-secondary non-tertiary education (levels 3 and 4)","Percentage","2.5",""
"2016","Netherlands","Total","From 25 to 64 years","Upper secondary and post-secondary non-tertiary education (levels 3 and 4)","Percentage","5.7",""
"2016","Austria","Total","From 25 to 64 years","Upper secondary and post-secondary non-tertiary education (levels 3 and 4)","Percentage","5.2",""
"2016","Poland","Total","From 25 to 64 years","Upper secondary and post-secondary non-tertiary education (levels 3 and 4)","Percentage","5.8",""
"2016","Portugal","Total","From 25 to 64 years","Upper secondary and post-secondary non-tertiary education (levels 3 and 4)","Percentage","10.5",""
"2016","Romania","Total","From 25 to 64 years","Upper secondary and post-secondary non-tertiary education (levels 3 and 4)","Percentage","5.1",""
"2016","Slovenia","Total","From 25 to 64 years","Upper secondary and post-secondary non-tertiary education (levels 3 and 4)","Percentage","7.6",""
"2016","Slovakia","Total","From 25 to 64 years","Upper secondary and post-secondary non-tertiary education (levels 3 and 4)","Percentage","8.4",""
"2016","Finland","Total","From 25 to 64 years","Upper secondary and post-secondary non-tertiary education (levels 3 and 4)","Percentage","8.2",""
"2016","Sweden","Total","From 25 to 64 years","Upper secondary and post-secondary non-tertiary education (levels 3 and 4)","Percentage","4.5",""
"2016","Iceland","Total","From 25 to 64 years","Upper secondary and post-secondary non-tertiary education (levels 3 and 4)","Percentage","3.0",""
"2016","Norway","Total","From 25 to 64 years","Upper secondary and post-secondary non-tertiary education (levels 3 and 4)","Percentage","3.5",""
"2016","Switzerland","Total","From 25 to 64 years","Upper secondary and post-secondary non-tertiary education (levels 3 and 4)","Percentage","4.4",""
"2016","United Kingdom","Total","From 25 to 64 years","Upper secondary and post-secondary non-tertiary education (levels 3 and 4)","Percentage","3.8",""
"2016","Montenegro","Total","From 25 to 64 years","Upper secondary and post-secondary non-tertiary education (levels 3 and 4)","Percentage","17.2",""
"2016","North Macedonia","Total","From 25 to 64 years","Upper secondary and post-secondary non-tertiary education (levels 3 and 4)","Percentage","20.6",""
"2016","Serbia","Total","From 25 to 64 years","Upper secondary and post-secondary non-tertiary education (levels 3 and 4)","Percentage","15.0",""
"2016","Turkey","Total","From 25 to 64 years","Upper secondary and post-secondary non-tertiary education (levels 3 and 4)","Percentage","10.0",""
"2017","European Union - 28 countries (2013-2020)","Total","From 25 to 64 years","Upper secondary and post-secondary non-tertiary education (levels 3 and 4)","Percentage","6.0",""
"2017","European Union - 15 countries (1995-2004)","Total","From 25 to 64 years","Upper secondary and post-secondary non-tertiary education (levels 3 and 4)","Percentage","6.5",""
"2017","Euro area - 19 countries  (from 2015)","Total","From 25 to 64 years","Upper secondary and post-secondary non-tertiary education (levels 3 and 4)","Percentage","7.2",""
"2017","Belgium","Total","From 25 to 64 years","Upper secondary and post-secondary non-tertiary education (levels 3 and 4)","Percentage","6.1","b"
"2017","Bulgaria","Total","From 25 to 64 years","Upper secondary and post-secondary non-tertiary education (levels 3 and 4)","Percentage","4.9",""
"2017","Czechia","Total","From 25 to 64 years","Upper secondary and post-secondary non-tertiary education (levels 3 and 4)","Percentage","2.5",""
"2017","Denmark","Total","From 25 to 64 years","Upper secondary and post-secondary non-tertiary education (levels 3 and 4)","Percentage","3.9","b"
"2017","Germany (until 1990 former territory of the FRG)","Total","From 25 to 64 years","Upper secondary and post-secondary non-tertiary education (levels 3 and 4)","Percentage","3.3",""
"2017","Estonia","Total","From 25 to 64 years","Upper secondary and post-secondary non-tertiary education (levels 3 and 4)","Percentage","6.2",""
"2017","Ireland","Total","From 25 to 64 years","Upper secondary and post-secondary non-tertiary education (levels 3 and 4)","Percentage","7.1","b"
"2017","Greece","Total","From 25 to 64 years","Upper secondary and post-secondary non-tertiary education (levels 3 and 4)","Percentage","22.3",""
"2017","Spain","Total","From 25 to 64 years","Upper secondary and post-secondary non-tertiary education (levels 3 and 4)","Percentage","15.1",""
"2017","France","Total","From 25 to 64 years","Upper secondary and post-secondary non-tertiary education (levels 3 and 4)","Percentage","8.5",""
"2017","Croatia","Total","From 25 to 64 years","Upper secondary and post-secondary non-tertiary education (levels 3 and 4)","Percentage","9.7",""
"2017","Italy","Total","From 25 to 64 years","Upper secondary and post-secondary non-tertiary education (levels 3 and 4)","Percentage","8.6",""
"2017","Cyprus","Total","From 25 to 64 years","Upper secondary and post-secondary non-tertiary education (levels 3 and 4)","Percentage","10.2",""
"2017","Latvia","Total","From 25 to 64 years","Upper secondary and post-secondary non-tertiary education (levels 3 and 4)","Percentage","9.9",""
"2017","Lithuania","Total","From 25 to 64 years","Upper secondary and post-secondary non-tertiary education (levels 3 and 4)","Percentage","9.2",""
"2017","Luxembourg","Total","From 25 to 64 years","Upper secondary and post-secondary non-tertiary education (levels 3 and 4)","Percentage","4.7",""
"2017","Hungary","Total","From 25 to 64 years","Upper secondary and post-secondary non-tertiary education (levels 3 and 4)","Percentage","3.3",""
"2017","Malta","Total","From 25 to 64 years","Upper secondary and post-secondary non-tertiary education (levels 3 and 4)","Percentage","1.9",""
"2017","Netherlands","Total","From 25 to 64 years","Upper secondary and post-secondary non-tertiary education (levels 3 and 4)","Percentage","4.4",""
"2017","Austria","Total","From 25 to 64 years","Upper secondary and post-secondary non-tertiary education (levels 3 and 4)","Percentage","4.7",""
"2017","Poland","Total","From 25 to 64 years","Upper secondary and post-secondary non-tertiary education (levels 3 and 4)","Percentage","4.7",""
"2017","Portugal","Total","From 25 to 64 years","Upper secondary and post-secondary non-tertiary education (levels 3 and 4)","Percentage","8.0",""
"2017","Romania","Total","From 25 to 64 years","Upper secondary and post-secondary non-tertiary education (levels 3 and 4)","Percentage","4.1",""
"2017","Slovenia","Total","From 25 to 64 years","Upper secondary and post-secondary non-tertiary education (levels 3 and 4)","Percentage","6.4",""
"2017","Slovakia","Total","From 25 to 64 years","Upper secondary and post-secondary non-tertiary education (levels 3 and 4)","Percentage","7.0",""
"2017","Finland","Total","From 25 to 64 years","Upper secondary and post-secondary non-tertiary education (levels 3 and 4)","Percentage","8.3",""
"2017","Sweden","Total","From 25 to 64 years","Upper secondary and post-secondary non-tertiary education (levels 3 and 4)","Percentage","4.0",""
"2017","Iceland","Total","From 25 to 64 years","Upper secondary and post-secondary non-tertiary education (levels 3 and 4)","Percentage","2.0",""
"2017","Norway","Total","From 25 to 64 years","Upper secondary and post-secondary non-tertiary education (levels 3 and 4)","Percentage","3.2",""
"2017","Switzerland","Total","From 25 to 64 years","Upper secondary and post-secondary non-tertiary education (levels 3 and 4)","Percentage","4.2",""
"2017","United Kingdom","Total","From 25 to 64 years","Upper secondary and post-secondary non-tertiary education (levels 3 and 4)","Percentage","3.3",""
"2017","Montenegro","Total","From 25 to 64 years","Upper secondary and post-secondary non-tertiary education (levels 3 and 4)","Percentage","15.6",""
"2017","North Macedonia","Total","From 25 to 64 years","Upper secondary and post-secondary non-tertiary education (levels 3 and 4)","Percentage","19.5",""
"2017","Serbia","Total","From 25 to 64 years","Upper secondary and post-secondary non-tertiary education (levels 3 and 4)","Percentage","13.1",""
"2017","Turkey","Total","From 25 to 64 years","Upper secondary and post-secondary non-tertiary education (levels 3 and 4)","Percentage","9.7",""
"2018","European Union - 28 countries (2013-2020)","Total","From 25 to 64 years","Upper secondary and post-secondary non-tertiary education (levels 3 and 4)","Percentage","5.4",""
"2018","European Union - 15 countries (1995-2004)","Total","From 25 to 64 years","Upper secondary and post-secondary non-tertiary education (levels 3 and 4)","Percentage","6.0",""
"2018","Euro area - 19 countries  (from 2015)","Total","From 25 to 64 years","Upper secondary and post-secondary non-tertiary education (levels 3 and 4)","Percentage","6.6",""
"2018","Belgium","Total","From 25 to 64 years","Upper secondary and post-secondary non-tertiary education (levels 3 and 4)","Percentage","5.1",""
"2018","Bulgaria","Total","From 25 to 64 years","Upper secondary and post-secondary non-tertiary education (levels 3 and 4)","Percentage","4.2",""
"2018","Czechia","Total","From 25 to 64 years","Upper secondary and post-secondary non-tertiary education (levels 3 and 4)","Percentage","1.9",""
"2018","Denmark","Total","From 25 to 64 years","Upper secondary and post-secondary non-tertiary education (levels 3 and 4)","Percentage","3.4",""
"2018","Germany (until 1990 former territory of the FRG)","Total","From 25 to 64 years","Upper secondary and post-secondary non-tertiary education (levels 3 and 4)","Percentage","2.9",""
"2018","Estonia","Total","From 25 to 64 years","Upper secondary and post-secondary non-tertiary education (levels 3 and 4)","Percentage","5.2",""
"2018","Ireland","Total","From 25 to 64 years","Upper secondary and post-secondary non-tertiary education (levels 3 and 4)","Percentage","5.5",""
"2018","Greece","Total","From 25 to 64 years","Upper secondary and post-secondary non-tertiary education (levels 3 and 4)","Percentage","20.4",""
"2018","Spain","Total","From 25 to 64 years","Upper secondary and post-secondary non-tertiary education (levels 3 and 4)","Percentage","13.8",""
"2018","France","Total","From 25 to 64 years","Upper secondary and post-secondary non-tertiary education (levels 3 and 4)","Percentage","8.2",""
"2018","Croatia","Total","From 25 to 64 years","Upper secondary and post-secondary non-tertiary education (levels 3 and 4)","Percentage","7.2",""
"2018","Italy","Total","From 25 to 64 years","Upper secondary and post-secondary non-tertiary education (levels 3 and 4)","Percentage","8.5",""
"2018","Cyprus","Total","From 25 to 64 years","Upper secondary and post-secondary non-tertiary education (levels 3 and 4)","Percentage","7.5",""
"2018","Latvia","Total","From 25 to 64 years","Upper secondary and post-secondary non-tertiary education (levels 3 and 4)","Percentage","8.3",""
"2018","Lithuania","Total","From 25 to 64 years","Upper secondary and post-secondary non-tertiary education (levels 3 and 4)","Percentage","8.0",""
"2018","Luxembourg","Total","From 25 to 64 years","Upper secondary and post-secondary non-tertiary education (levels 3 and 4)","Percentage","4.8",""
"2018","Hungary","Total","From 25 to 64 years","Upper secondary and post-secondary non-tertiary education (levels 3 and 4)","Percentage","3.0",""
"2018","Malta","Total","From 25 to 64 years","Upper secondary and post-secondary non-tertiary education (levels 3 and 4)","Percentage","2.6",""
"2018","Netherlands","Total","From 25 to 64 years","Upper secondary and post-secondary non-tertiary education (levels 3 and 4)","Percentage","3.3",""
"2018","Austria","Total","From 25 to 64 years","Upper secondary and post-secondary non-tertiary education (levels 3 and 4)","Percentage","3.8",""
"2018","Poland","Total","From 25 to 64 years","Upper secondary and post-secondary non-tertiary education (levels 3 and 4)","Percentage","3.7",""
"2018","Portugal","Total","From 25 to 64 years","Upper secondary and post-secondary non-tertiary education (levels 3 and 4)","Percentage","6.6",""
"2018","Romania","Total","From 25 to 64 years","Upper secondary and post-secondary non-tertiary education (levels 3 and 4)","Percentage","3.4",""
"2018","Slovenia","Total","From 25 to 64 years","Upper secondary and post-secondary non-tertiary education (levels 3 and 4)","Percentage","5.3",""
"2018","Slovakia","Total","From 25 to 64 years","Upper secondary and post-secondary non-tertiary education (levels 3 and 4)","Percentage","5.5",""
"2018","Finland","Total","From 25 to 64 years","Upper secondary and post-secondary non-tertiary education (levels 3 and 4)","Percentage","7.5",""
"2018","Sweden","Total","From 25 to 64 years","Upper secondary and post-secondary non-tertiary education (levels 3 and 4)","Percentage","3.6","b"
"2018","Iceland","Total","From 25 to 64 years","Upper secondary and post-secondary non-tertiary education (levels 3 and 4)","Percentage","2.0",""
"2018","Norway","Total","From 25 to 64 years","Upper secondary and post-secondary non-tertiary education (levels 3 and 4)","Percentage","2.9",""
"2018","Switzerland","Total","From 25 to 64 years","Upper secondary and post-secondary non-tertiary education (levels 3 and 4)","Percentage","4.4",""
"2018","United Kingdom","Total","From 25 to 64 years","Upper secondary and post-secondary non-tertiary education (levels 3 and 4)","Percentage","3.3",""
"2018","Montenegro","Total","From 25 to 64 years","Upper secondary and post-secondary non-tertiary education (levels 3 and 4)","Percentage","14.6",""
"2018","North Macedonia","Total","From 25 to 64 years","Upper secondary and post-secondary non-tertiary education (levels 3 and 4)","Percentage","18.0",""
"2018","Serbia","Total","From 25 to 64 years","Upper secondary and post-secondary non-tertiary education (levels 3 and 4)","Percentage","12.4",""
"2018","Turkey","Total","From 25 to 64 years","Upper secondary and post-secondary non-tertiary education (levels 3 and 4)","Percentage","9.4",""
